n;m;d1;d2;d3;sweeps;ann_type;mu_type;mu1;mu2;mu3;mu4;mu5;mu6;mu7
8;3;[7];[6];[5,7];50000;classical;small;1;1;1;1;1;1;1
8;3;[7];[6];[5,7];100000;classical;small;1;1;1;1;1;1;1
8;3;[7];[6];[5,7];500000;classical;small;1;1;1;1;1;1;1
8;3;[7];[6];[5,7];1000000;classical;small;1;1;1;1;1;1;1
8;3;[7];[6];[5,7];5000000;classical;small;1;1;1;1;1;1;1
8;3;[7];[6];[5,7];10000000;classical;small;1;1;1;1;1;1;1
8;3;[7];[6];[5,7];50000000;classical;small;1;1;1;1;1;1;1
8;3;[7];[6];[5,7];50000;quantum;small;1;1;1;1;1;1;1
8;3;[7];[6];[5,7];100000;quantum;small;1;1;1;1;1;1;1
8;3;[7];[6];[5,7];500000;quantum;small;1;1;1;1;1;1;1
8;3;[7];[6];[5,7];1000000;quantum;small;1;1;1;1;1;1;1
8;3;[7];[6];[5,7];5000000;quantum;small;1;1;1;1;1;1;1
8;3;[7];[6];[5,7];10000000;quantum;small;1;1;1;1;1;1;1
12;3;[11];[9,11];[7,11];50000;classical;small;1;1;1;1;1;1;1
12;3;[11];[9,11];[7,11];100000;classical;small;1;1;1;1;1;1;1
12;3;[11];[9,11];[7,11];500000;classical;small;1;1;1;1;1;1;1
12;3;[11];[9,11];[7,11];1000000;classical;small;1;1;1;1;1;1;1
12;3;[11];[9,11];[7,11];5000000;classical;small;1;1;1;1;1;1;1
12;3;[11];[9,11];[7,11];10000000;classical;small;1;1;1;1;1;1;1
12;3;[11];[9,11];[7,11];50000000;classical;small;1;1;1;1;1;1;1
12;3;[11];[9,11];[7,11];50000;quantum;small;1;1;1;1;1;1;1
12;3;[11];[9,11];[7,11];100000;quantum;small;1;1;1;1;1;1;1
12;3;[11];[9,11];[7,11];500000;quantum;small;1;1;1;1;1;1;1
12;3;[11];[9,11];[7,11];1000000;quantum;small;1;1;1;1;1;1;
12;3;[11];[9,11];[7,11];5000000;quantum;small;1;1;1;1;1;1;
12;3;[11];[9,11];[7,11];10000000;quantum;small;1;1;1;1;1;1
25;4;[23];[19,24];[17,22,24];50000;classical;medium;1;1;1;1;1;1;1
25;4;[23];[19,24];[17,22,24];100000;classical;medium;1;1;1;1;1;1;1
25;4;[23];[19,24];[17,22,24];500000;classical;medium;1;1;1;1;1;1;1
25;4;[23];[19,24];[17,22,24];1000000;classical;medium;1;1;1;1;1;1;1
25;4;[23];[19,24];[17,22,24];5000000;classical;medium;1;1;1;1;1;1;1
25;4;[23];[19,24];[17,22,24];10000000;classical;medium;1;1;1;1;1;1;1
25;4;[23];[19,24];[17,22,24];50000000;classical;medium;1;1;1;1;1;1;1
25;4;[23];[19,24];[17,22,24];50000;quantum;medium;1;1;1;1;1;1;1
25;4;[23];[19,24];[17,22,24];100000;quantum;medium;1;1;1;1;1;1;1
25;4;[23];[19,24];[17,22,24];500000;quantum;medium;1;1;1;1;1;1;1
25;4;[23];[19,24];[17,22,24];1000000;quantum;medium;1;1;1;1;1;1;1
25;4;[23];[19,24];[17,22,24];5000000;quantum;medium;1;1;1;1;1;1;1
25;4;[23];[19,24];[17,22,24];10000000;quantum;medium;1;1;1;1;1;1;1
32;4;[11,18,19,27,28,29];[8,16,19,24,28,31];[15,18,21,25,26,28];50000;classical;medium;1;1;1;1;1;1;1
32;4;[11,18,19,27,28,29];[8,16,19,24,28,31];[15,18,21,25,26,28];100000;classical;medium;1;1;1;1;1;1;1
32;4;[11,18,19,27,28,29];[8,16,19,24,28,31];[15,18,21,25,26,28];500000;classical;medium;1;1;1;1;1;1;1
32;4;[11,18,19,27,28,29];[8,16,19,24,28,31];[15,18,21,25,26,28];1000000;classical;medium;1;1;1;1;1;1;1
32;4;[11,18,19,27,28,29];[8,16,19,24,28,31];[15,18,21,25,26,28];5000000;classical;medium;1;1;1;1;1;1;1
32;4;[11,18,19,27,28,29];[8,16,19,24,28,31];[15,18,21,25,26,28];10000000;classical;medium;1;1;1;1;1;1;1
32;4;[11,18,19,27,28,29];[8,16,19,24,28,31];[15,18,21,25,26,28];50000000;classical;medium;1;1;1;1;1;1;1
32;4;[11,18,19,27,28,29];[8,16,19,24,28,31];[15,18,21,25,26,28];50000;quantum;medium;1;1;1;1;1;1;1
32;4;[11,18,19,27,28,29];[8,16,19,24,28,31];[15,18,21,25,26,28];100000;quantum;medium;1;1;1;1;1;1;1
32;4;[11,18,19,27,28,29];[8,16,19,24,28,31];[15,18,21,25,26,28];500000;quantum;medium;1;1;1;1;1;1;1
32;4;[11,18,19,27,28,29];[8,16,19,24,28,31];[15,18,21,25,26,28];1000000;quantum;medium;1;1;1;1;1;1;1
32;4;[11,18,19,27,28,29];[8,16,19,24,28,31];[15,18,21,25,26,28];5000000;quantum;medium;1;1;1;1;1;1;1
32;4;[11,18,19,27,28,29];[8,16,19,24,28,31];[15,18,21,25,26,28];10000000;quantum;medium;1;1;1;1;1;1;1
48;4;[16,26,31,39,42,46];[22,32,34,36,41,42];[22,27,28,38,40,41,45];50000;classical;static;35;2.1;14;14;0.2;0.3;0.1
48;4;[16,26,31,39,42,46];[22,32,34,36,41,42];[22,27,28,38,40,41,45];100000;classical;static;35;2.1;14;14;0.2;0.3;0.1
48;4;[16,26,31,39,42,46];[22,32,34,36,41,42];[22,27,28,38,40,41,45];500000;classical;static;35;2.1;14;14;0.2;0.3;0.1
48;4;[16,26,31,39,42,46];[22,32,34,36,41,42];[22,27,28,38,40,41,45];1000000;classical;static;35;2.1;14;14;0.2;0.3;0.1
48;4;[16,26,31,39,42,46];[22,32,34,36,41,42];[22,27,28,38,40,41,45];5000000;classical;static;35;2.1;14;14;0.2;0.3;0.1
48;4;[16,26,31,39,42,46];[22,32,34,36,41,42];[22,27,28,38,40,41,45];10000000;classical;static;35;2.1;14;14;0.2;0.3;0.1
48;4;[16,26,31,39,42,46];[22,32,34,36,41,42];[22,27,28,38,40,41,45];50000000;classical;static;35;2.1;14;14;0.2;0.3;0.1
48;4;[16,26,31,39,42,46];[22,32,34,36,41,42];[22,27,28,38,40,41,45];50000;quantum;static;35;2.1;14;14;0.2;0.3;0.1
48;4;[16,26,31,39,42,46];[22,32,34,36,41,42];[22,27,28,38,40,41,45];100000;quantum;static;35;2.1;14;14;0.2;0.3;0.1
48;4;[16,26,31,39,42,46];[22,32,34,36,41,42];[22,27,28,38,40,41,45];500000;quantum;static;35;2.1;14;14;0.2;0.3;0.1
48;4;[16,26,31,39,42,46];[22,32,34,36,41,42];[22,27,28,38,40,41,45];1000000;quantum;static;35;2.1;14;14;0.2;0.3;0.1
48;4;[16,26,31,39,42,46];[22,32,34,36,41,42];[22,27,28,38,40,41,45];5000000;quantum;static;35;2.1;14;14;0.2;0.3;0.1
48;4;[16,26,31,39,42,46];[22,32,34,36,41,42];[22,27,28,38,40,41,45];10000000;quantum;static;35;2.1;14;14;0.2;0.3;0.1
60;4;[16,40,37,59,53,51,50];[26,40,37,43,49,55,51,50];[28,31,40,45,56,59];50000;classical;static;35;0.8;15;15;0.2;0.1;0.05
60;4;[16,40,37,59,53,51,50];[26,40,37,43,49,55,51,50];[28,31,40,45,56,59];100000;classical;static;35;0.8;15;15;0.2;0.1;0.05
60;4;[16,40,37,59,53,51,50];[26,40,37,43,49,55,51,50];[28,31,40,45,56,59];500000;classical;static;35;0.8;15;15;0.2;0.1;0.05
60;4;[16,40,37,59,53,51,50];[26,40,37,43,49,55,51,50];[28,31,40,45,56,59];1000000;classical;static;35;0.8;15;15;0.2;0.1;0.05
60;4;[16,40,37,59,53,51,50];[26,40,37,43,49,55,51,50];[28,31,40,45,56,59];5000000;classical;static;35;0.8;15;15;0.2;0.1;0.05
60;4;[16,40,37,59,53,51,50];[26,40,37,43,49,55,51,50];[28,31,40,45,56,59];10000000;classical;static;35;0.8;15;15;0.2;0.1;0.05
60;4;[16,40,37,59,53,51,50];[26,40,37,43,49,55,51,50];[28,31,40,45,56,59];50000000;classical;static;35;0.8;15;15;0.2;0.1;0.05
60;4;[16,40,37,59,53,51,50];[26,40,37,43,49,55,51,50];[28,31,40,45,56,59];50000;quantum;static;35;0.8;15;15;0.2;0.1;0.05
60;4;[16,40,37,59,53,51,50];[26,40,37,43,49,55,51,50];[28,31,40,45,56,59];100000;quantum;static;35;0.8;15;15;0.2;0.1;0.05
60;4;[16,40,37,59,53,51,50];[26,40,37,43,49,55,51,50];[28,31,40,45,56,59];500000;quantum;static;35;0.8;15;15;0.2;0.1;0.05
60;4;[16,40,37,59,53,51,50];[26,40,37,43,49,55,51,50];[28,31,40,45,56,59];1000000;quantum;static;35;0.8;15;15;0.2;0.1;0.05
60;4;[16,40,37,59,53,51,50];[26,40,37,43,49,55,51,50];[28,31,40,45,56,59];5000000;quantum;static;35;0.8;15;15;0.2;0.1;0.05
60;4;[16,40,37,59,53,51,50];[26,40,37,43,49,55,51,50];[28,31,40,45,56,59];10000000;quantum;static;35;0.8;15;15;0.2;0.1;0.05
